CLIENTE;CODIGO ITEM;DESCRIPCION ITEM;TIPO DOC;NRO. VA01/VA21;ESTADO ITEM;NRO. OC;FECHA RECEPCION;FECHA PICKING;FECHA CONTABILIZACION VL;F. ENTREGA esperada;Fecha emisión;GrupoCompra OC;Solped;Tipo Stock;Grupo compra material
00223 Comp Amb Santa Fe;1003139;FILTRO HIDRAULICO;ZPAS;1000084303;PICKEADO PARCIAL;;;;;27/3/2026;6/3/2026;;;ZSTO;F07
00223 Comp Amb Santa Fe;1003233;FILTRO HIDRAULICO VENTILACION;ZPAS;1000084303;PICKEADO PARCIAL;;;;;27/3/2026;6/3/2026;;;ZSTO;F07
00341 Mov. Suelos San Luis;1004244;ADAPTADOR XUN;ZPAS;1000080747;DESPACHADO;;;23/2/2026;46079;1/3/2026;9/1/2026;;;ZSTO;C29
00341 Mov. Suelos San Luis;1003343;FILTRO COMBUSTIBLE;ZPAS;1000083857;SIN TRATAMIENTO;;;;;20/3/2026;28/2/2026;;;ZSTO;F06
00341 Mov. Suelos San Luis;1003245;FILTRO DE AIRE PRIMARIO;ZPAS;1000083857;SIN TRATAMIENTO;;;;;20/3/2026;28/2/2026;;;ZSTO;F04
00341 Mov. Suelos San Luis;1003219;FILTRO VENTILACION DE CARTER;ZPAS;1000082007;DESPACHADO;;;23/2/2026;26/2/2026;1/3/2026;29/1/2026;;;ZSTO;F04
00341 Mov. Suelos San Luis;1003177;FILTRO TRAMPA DE AGUA;ZPAS;1000082998;SIN TRATAMIENTO;;;;;5/3/2026;13/2/2026;;;ZSTO;F13
00341 Mov. Suelos San Luis;1003126;FILTRO SECADO DE AIRE;SIN PEDIDO;;;;;;;;;;;ZSTO;F11
00341 Mov. Suelos San Luis;1002735;FILTRO AIRE PRIMARIO XUN;ZPAS;1000082923;DESPACHADO;;;23/2/2026;26/2/2026;4/3/2026;12/2/2026;;;ZSTO;F04
00341 Mov. Suelos San Luis;1002734;FILTRO AIRE SECUNDARIO;ZPAS;1000082923;DESPACHADO;;;23/2/2026;26/2/2026;4/3/2026;12/2/2026;;;ZSTO;F04
00341 Mov. Suelos San Luis;1002006;CAMISA JEAN T.50 C LOGO;ZPAS;1000083288;DESPACHADO;;;23/2/2026;27/2/2026;11/3/2026;19/2/2026;;;ZSTO;C28
00341 Mov. Suelos San Luis;1001971;ESMALTE SINT. AEROSOL ROJO X 440CC;ZPAS;1000083288;DESPACHADO;;;23/2/2026;27/2/2026;11/3/2026;19/2/2026;;;ZSTO;C22
00341 Mov. Suelos San Luis;1001871;RESMA DE HOJA A4 70GR. X UN;ZPAS;1000083879;PICKEADO PARCIAL;;;;;20/3/2026;28/2/2026;;;ZSTO;C17
00341 Mov. Suelos San Luis;1001851;MOUSE INALAMBRICO;ZPAS;1000083474;DESPACHADO;;;25/2/2026;27/2/2026;13/3/2026;23/2/2026;;;ZSTO;C05
00341 Mov. Suelos San Luis;1001679;FICHA T.STECK MACHO 220V 16A 2P T XUN;ZPAS;1000083878;DESPACHADO;;;3/3/2026;5/3/2026;20/3/2026;28/2/2026;;;ZSTO;C11
00341 Mov. Suelos San Luis;1001678;FICHA T.STECK HEMBRA 220V 16A 2P T X UN;SIN PEDIDO;;;;;;;;;;;ZSTO;C11
00341 Mov. Suelos San Luis;1000043;BOTIQUIN 1ROS. AUXILIOS N 2;ZPAS;1000083288;DESPACHADO;;;23/2/2026;27/2/2026;11/3/2026;19/2/2026;;;ZSTO;C28
00314 CASA Olavarría;1026896;FARO LATERAL;ZPAN;1000083422;ADJUDICADO;4500120841;;;;10/3/2026;23/2/2026;C03;10143538;ZSTO;C03
00314 CASA Olavarría;1017888;FILTRO COMBUSTIBLE;ZPAS;1000083491;DESPACHADO;;;26/2/2026;2/3/2026;10/3/2026;24/2/2026;;;ZSTO;F06
00314 CASA Olavarría;1017882;FILTRO ADMISION SECUNDARIO;SIN PEDIDO;;;;;;;;;;;ZSTO;F04
00314 CASA Olavarría;1017879;FILTRO ADMISION PRIMARIO;ZPAS;1000077284;CUMPLIDO PARCIAL;;;7/11/2025;7/11/2025;26/11/2025;6/11/2025;;;ZSTO;F04
00314 CASA Olavarría;1016255;Filtro Admision Interior;ZPAS;1000078653;SIN TRATAMIENTO;;;;;15/1/2026;28/11/2025;;;ZSTO;F04
00314 CASA Olavarría;1004687;TUERCA DE RUEDA VOLVO;ZPAN;1000083583;ADJUDICADO;4500121699;;;;10/3/2026;25/2/2026;C29;10143814;ZSTO;C29
00314 CASA Olavarría;1004282;KIT SELLO MARTILLO;ZPAN;1000084302;SIN TRATAMIENTO;;;;;20/3/2026;6/3/2026;;10144761;ZSTO;C29
00314 CASA Olavarría;1004264;BULON DE RUEDA;ZPAN;1000083583;ADJUDICADO;4500121699;;;;10/3/2026;25/2/2026;C29;10143814;ZSTO;C29
00314 CASA Olavarría;1004228;PLACA AGARRE DE PUNTA MARTILLO;SIN PEDIDO;;;;;;;;;;;ZSTO;C29
00314 CASA Olavarría;1003742;COUMPLING SCREW;ZPAN;1000084302;SIN TRATAMIENTO;;;;;20/3/2026;6/3/2026;;10144761;ZSTO;C29
00314 CASA Olavarría;1003694;PIN STOP;ZPAS;1000081909;SIN TRATAMIENTO;;;;;13/2/2026;28/1/2026;;;ZSTO;C29
00314 CASA Olavarría;1003445;TOMA FUERZA XUN;ZPAN;1000079142;ADJUDICADO;4500115056;;;;22/2/2026;6/12/2025;C29;10137678;ZSTO;C29
00314 CASA Olavarría;1003129;FILTRO DE COMBUSTIBLE Y TRAMPA DE AGUA;ZPAS;1000084218;EMBALADO;;;6/3/2026;;20/3/2026;5/3/2026;;;ZSTO;F06
00314 CASA Olavarría;1003128;FILTRO DE AIRE SECUNDARIO;ZPAS;1000083506;DESPACHADO;;;26/2/2026;2/3/2026;10/3/2026;24/2/2026;;;ZSTO;F04
00314 CASA Olavarría;1002870;FILTRO ACEITE UNID. COMPRES.;ZPAS;1000079662;SIN TRATAMIENTO;;;;;15/1/2026;16/12/2025;;;ZSTO;F03
00314 CASA Olavarría;1001986;ALAMBREPARASOLDARULTRA 1,6MM(C.15KG)XKG;ZPAS;1000084166;EMBALADO;;;6/3/2026;;16/3/2026;5/3/2026;;;ZSTO;C13
00365 RIO TINTO;1001876;CINTA EMBALAR TRANSPARENTE 48MM X 100 MT;ZPAN;1000084031;ADJUDICADO;4500121737;;;;24/3/2026;3/3/2026;C17;10144345;ZSTO;C17
00365 RIO TINTO;1002014;PANTALON JEAN T.44;MOVIMIENTO 315 PENDIENTE;;;;;;;;;;;ZSTO;C28
00365 RIO TINTO;1002066;PANTALON PRIMERA PIEL T.L;MOVIMIENTO 315 PENDIENTE;;;;;;;;;;;ZSTO;C28
00365 RIO TINTO;1002838;FILTRO ACEITE;ZPAS;1000081011;SIN TRATAMIENTO;;;;;28/1/2026;14/1/2026;;;ZSTO;F03
00365 RIO TINTO;1003024;ELEMENTO FILTRO AIRE;ZPAS;1000080828;SIN TRATAMIENTO;;;;;26/1/2026;12/1/2026;;;ZSTO;F04
00365 RIO TINTO;1003025;ELEMENTO FILTRO AIRE;ZPAS;1000080828;SIN TRATAMIENTO;;;;;26/1/2026;12/1/2026;;;ZSTO;F04
00365 RIO TINTO;1003088;FILTRO AIRE;ZPAS;1000081011;SIN TRATAMIENTO;;;;;28/1/2026;14/1/2026;;;ZSTO;F04
00365 RIO TINTO;1003089;FILTRO DE CABINA;ZPAS;1000081011;SIN TRATAMIENTO;;;;;28/1/2026;14/1/2026;;;ZSTO;F05
00365 RIO TINTO;1003219;FILTRO VENTILACION DE CARTER;ZPAS;1000080828;SIN TRATAMIENTO;;;;;26/1/2026;12/1/2026;;;ZSTO;F04
00365 RIO TINTO;1016647;CMASTRA TRAMPA DE AGUA;ZPAN;1000083761;SIN TRATAMIENTO;;;;;20/3/2026;27/2/2026;;10144050;ZSSD;C29
00365 RIO TINTO;1016957;SEPARADOR A4 PLASTICO C LENGUETAS;ZPAN;1000083889;SIN TRATAMIENTO;;;;;15/3/2026;1/3/2026;;10144195;ZSSD;C17
00365 RIO TINTO;1017098;AGROPOL 100 MIC 4X50 MTS;LOTE 0000126366 PENDIENTE MOV 315;;;;;;;;;;;ZSSD;C13
00365 RIO TINTO;1017222;LAPIZ A MINA 05 MM B;MOVIMIENTO 315 PENDIENTE;;;;;;;;;;;ZSSD;C17
00365 RIO TINTO;1018881;CANTONERA;MOVIMIENTO 315 PENDIENTE;;;;;;;;;;;ZSSD;AGV
00365 RIO TINTO;1022073;traba de uña;MOVIMIENTO 315 PENDIENTE;;;;;;;;;;;ZSTO;G05
00365 RIO TINTO;1028195;Filtro Primario Admision;MOVIMIENTO 315 PENDIENTE;;;;;;;;;;;ZSSD;
00365 RIO TINTO;1028211;BULONES SHANTUI;MOVIMIENTO 315 PENDIENTE;;;;;;;;;;;ZSSD;
00365 RIO TINTO;1028212;TUERCAS SHANTUI;MOVIMIENTO 315 PENDIENTE;;;;;;;;;;;ZSSD;
00365 RIO TINTO;1048429;ARANDELA (Ø 5/8);ZPAN;1000082403;CUMPLIDO PARCIAL;4500121143;6/3/2026;;;18/2/2026;4/2/2026;AGV;10142282;ZSTO;
00365 RIO TINTO;1001679;FICHA T.STECK MACHO 220V 16A 2P T XUN;ZPAN;1000079207;ADJUDICADO;4500115309;;;;30/12/2025;9/12/2025;C11;10137731;ZSTO;C11
00365 RIO TINTO;1001788;ACEITE SAE  10W X 205L;SIN PEDIDO;;;;;;;;;;;ZSTO;L01
00365 RIO TINTO;1001794;ACEITE HIPOIDAL X 205L;SIN PEDIDO;;;;;;;;;;;ZSTO;L01
00365 RIO TINTO;1001823;ACEITE F50 5W40 X 20 L;ZPAN;1000083761;ADJUDICADO;4500121276;;;;20/3/2026;27/2/2026;C29;10144050;ZSTO;L01
00365 RIO TINTO;1001841;CAMARA 12.00 R20;ZPAN;1000079777;ADJUDICADO;4500116269;;;;7/1/2026;17/12/2025;C03;10138547;ZSTO;C52
00365 RIO TINTO;1001872;RESMA DE HOJA A3 75GR. X UN;ZPAN;1000084031;ADJUDICADO;4500121737;;;;24/3/2026;3/3/2026;C17;10144345;ZSTO;C17
00365 RIO TINTO;1001949;CANDADO 30MM XUN;ZPAN;1000084185;SIN TRATAMIENTO;;;;;26/3/2026;5/3/2026;;10144611;ZSTO;C13
00365 RIO TINTO;1002186;CORREA VENTILADOR;SIN PEDIDO;;;;;;;;;;;ZSTO;C29
00365 RIO TINTO;1002211;CORREA VENTILADOR;ZPAN;1000077019;DESPACHADO;4500112630;11/11/2025;11/11/2025;14/11/2025;24/11/2025;3/11/2025;C29;10134968;ZSTO;C29
00365 RIO TINTO;1002298;TRABA PROT. RIPPER XUN;SIN PEDIDO;;;;;;;;;;;ZSTO;G05
00365 RIO TINTO;1002606;FILTRO COMBUSTIBLE X UN;ZPAN;1000083892;ADJUDICADO;4500121486;;;;15/3/2026;1/3/2026;C29;10144198;ZSTO;F06
00365 RIO TINTO;1002610;FILTRO AIRE SECUNDARIO;ZPAN;1000083921;ADJUDICADO;4500121486;;;;23/3/2026;2/3/2026;C29;10144225;ZSTO;F04
00365 RIO TINTO;1002832;FILTRO COMBUSTIBLE;ZPAN;1000083103;ADJUDICADO;4500121031;;;;11/3/2026;18/2/2026;C29;10143096;ZSTO;F06
00365 RIO TINTO;1003081;FILTRO DE AIRE;ZPAN;1000083103;ADJUDICADO;4500121031;;;;11/3/2026;18/2/2026;C29;10143096;ZSTO;F04
00365 RIO TINTO;1003106;FILTRO DE AIRE SECUNDARIO;ZPAN;1000082725;ADJUDICADO;4500121031;;;;3/3/2026;10/2/2026;C29;10142646;ZSTO;F04
00365 RIO TINTO;1003217;FILTRO DE COMBUSTIBLE;ZPAN;1000084185;SIN TRATAMIENTO;;;;;26/3/2026;5/3/2026;;10144611;ZSTO;F06
00365 RIO TINTO;1003284;FILTRO DE AIRE PRIMARIO;ZPAN;1000080831;ADJUDICADO;4500117972;;;;2/2/2026;12/1/2026;C29;10140109;ZSTO;F04
00365 RIO TINTO;1003954;BATERIA 12V 180AMP;ZPAN;1000084322;SIN TRATAMIENTO;;;;;8/4/2026;7/3/2026;;10144822;ZSTO;C29
00365 RIO TINTO;1004014;LAMPARA 12V-H7 55W X UN;ZPAN;1000082273;DESPACHADO;4500119409;12/2/2026;12/2/2026;26/2/2026;24/2/2026;3/2/2026;C03;10142045;ZSTO;C03
00365 RIO TINTO;1015933;ACEITE ISO 46 HIDRAULICO BP46 x 205L;SIN PEDIDO;;;;;;;;;;;ZSCD;C29
00365 RIO TINTO;1016479;PROTECTOR SOLAR (CREMA) FACT 60 X 120ML;ZPAN;1000083103;ADJUDICADO;4500121370;;;;11/3/2026;18/2/2026;C28;10143096;ZSCD;C28
00365 RIO TINTO;1016700;HC119AIRE ACONDICIONADO;ZPAN;1000078730;SIN TRATAMIENTO;;;;;22/12/2025;1/12/2025;;10137152;ZSSD;AGV
00365 RIO TINTO;1016716;CORREA POLI V SKT90;ZPAN;1000082288;ADJUDICADO;4500119392;;;;17/2/2026;3/2/2026;C03;10142059;ZSTO;C03
00365 RIO TINTO;1016717;CORREA A/A SKT90;ZPAN;1000082288;ADJUDICADO;4500119392;;;;17/2/2026;3/2/2026;C03;10142059;ZSTO;C29
00365 RIO TINTO;1016919;LUBRICANTE MULTIUSO WD-40 440CC;ZPAN;1000082938;ADJUDICADO;4500120645;;;;6/3/2026;13/2/2026;C27;10142945;ZSSD;C13
00365 RIO TINTO;1016948;AEROSOL DESINFECTANTE ANTIBACT 360ML;ZPAN;1000082616;ADJUDICADO;4500119952;;;;2/3/2026;9/2/2026;C17;10142540;ZSSD;C17
00365 RIO TINTO;1016955;SOGA NAUTICA 10MM;ZPAN;1000084031;SIN TRATAMIENTO;;;;;24/3/2026;3/3/2026;;10144345;ZSSD;C13
00365 RIO TINTO;1017005;CADENA PLASTICA ROJA Y BLANCA X ML;SIN PEDIDO;;;;;;;;;;;ZSSD;C28
00365 RIO TINTO;1017009;BLOCK A5 ESPIRAL CUADRIC 70HS;SIN PEDIDO;;;;;;;;;;;ZSSD;C17
00365 RIO TINTO;1017024;SOPORTE P MATAFUEGO 10KG (COLGAR);SIN PEDIDO;;;;;;;;;;;ZSSD;C28
00365 RIO TINTO;1017025;SOPORTE P MATAFUEGO 5 KG (COLGAR);SIN PEDIDO;;;;;;;;;;;ZSSD;C28
00365 RIO TINTO;1017034;TIJERA 17 CM C MANGO PLASTICO;SIN PEDIDO;;;;;;;;;;;ZSSD;C17
00365 RIO TINTO;1017236;"LUSTRAMUEBLES ""BLEM"" - ORIGINAL XUN";ZPAN;1000082616;ADJUDICADO;4500119952;;;;2/3/2026;9/2/2026;C17;10142540;ZSSD;C17
00365 RIO TINTO;1018107;Filtro Cabina Exterior;ZPAN;1000080831;ADJUDICADO;4500121298;;;;2/2/2026;12/1/2026;AGV;10140109;ZSTO;F05
00365 RIO TINTO;1018497;FILTRO COMBUSTIBLE;ZPAN;1000082599;ADJUDICADO;4500120883;;;;22/2/2026;8/2/2026;AGV;10142524;ZSSD;C29
00365 RIO TINTO;1018507;Filtro Cabina - Habitaculo;ZPAN;1000082616;ADJUDICADO;4500119762;;;;2/3/2026;9/2/2026;C29;10142540;ZSTO;F05
00365 RIO TINTO;1018865;CORREA COMPRESOR A/A;ZPAN;1000082403;SIN TRATAMIENTO;;;;;18/2/2026;4/2/2026;;10142282;ZSSD;AGV
00365 RIO TINTO;1018866;CORREA VENTILADOR  - ALTERNADOR;ZPAN;1000082403;SIN TRATAMIENTO;;;;;18/2/2026;4/2/2026;;10142282;ZSSD;AGV
00365 RIO TINTO;1018869;CANTONERA HENSLEY;ZPAN;1000078678;SIN TRATAMIENTO;;;;;13/12/2025;29/11/2025;;10137088;ZSSD;AGV
00365 RIO TINTO;1018877;UÑAS;ZPAN;1000082403;SIN TRATAMIENTO;;;;;18/2/2026;4/2/2026;;10142282;ZSSD;AGV
00365 RIO TINTO;1018878;UÑAS SANY ROQUERAS;ZPAN;1000082403;SIN TRATAMIENTO;;;;;18/2/2026;4/2/2026;;10142282;ZSSD;AGV
00365 RIO TINTO;1018879;PORTAUÑAS;ZPAN;1000082403;SIN TRATAMIENTO;;;;;18/2/2026;4/2/2026;;10142282;ZSSD;AGV
00365 RIO TINTO;1018880;SEGMENTOS;ZPAN;1000082403;SIN TRATAMIENTO;;;;;18/2/2026;4/2/2026;;10142282;ZSSD;AGV
00365 RIO TINTO;1018911;FILTRO COLADOR COMBUSTIBLE;SIN PEDIDO;;;;;;;;;;;ZSSD;AGV
00365 RIO TINTO;1018912;FILTRO HIDRAULICO;ZPAN;1000082403;ADJUDICADO;4500120151;;;;18/2/2026;4/2/2026;AGV;10142282;ZSSD;AGV
00365 RIO TINTO;1018914;FILTRO DEL RESPIRADERO;SIN PEDIDO;;;;;;;;;;;ZSSD;AGV
00365 RIO TINTO;1018918;FILTRO LINEA PILOTO DE BOMBA;ZPAN;1000082403;SIN TRATAMIENTO;;;;;18/2/2026;4/2/2026;;10142282;ZSSD;C29
00365 RIO TINTO;1018920;traba de uña;ZPAN;1000082403;SIN TRATAMIENTO;;;;;18/2/2026;4/2/2026;;10142282;ZSSD;AGV
00365 RIO TINTO;1027021;Aceite Caja de Engranaje 85W90 GL-5;SIN PEDIDO;;;;;;;;;;;ZSTO;C29
00365 RIO TINTO;1028117;FILTRO CABINA A/A;ZPAN;1000080831;SIN TRATAMIENTO;;;;;2/2/2026;12/1/2026;;10140109;ZSSD;C29
00365 RIO TINTO;1028119;FILTRO HIDRAULICO DE SUCCION;ZPAN;1000080954;SIN TRATAMIENTO;;;;;3/2/2026;13/1/2026;;10140236;ZSSD;C29
00365 RIO TINTO;1028154;FILTRO HIDRAULICO;ZPAN;1000075635;ADJUDICADO;4500111339;;;;24/10/2025;10/10/2025;AGV;10133129;ZSSD;C29
00365 RIO TINTO;1028164;DIENTE BALDE TEREX;ZPAN;1000078676;SIN TRATAMIENTO;;;;;13/12/2025;29/11/2025;;10137086;ZSSD;C29
00365 RIO TINTO;1028203;UÑA DE RIPPER;ZPAN;1000082403;ADJUDICADO;4500119995;;;;18/2/2026;4/2/2026;C29;10142282;ZSSD;C29
00365 RIO TINTO;1028207;BULONES SHANTUI;ZPAN;1000082403;ADJUDICADO;4500121143;;;;18/2/2026;4/2/2026;AGV;10142282;ZSSD;AGV
00365 RIO TINTO;1028209;CANTONERA IZQUIERDA SHANTUI;ZPAN;1000082403;ADJUDICADO;4500121143;;;;18/2/2026;4/2/2026;AGV;10142282;ZSSD;
00365 RIO TINTO;1028210;CANTONERA DERECHA;ZPAN;1000082403;ADJUDICADO;4500121143;;;;18/2/2026;4/2/2026;AGV;10142282;ZSSD;
00365 RIO TINTO;1028213;FILTRO COLADOR COMBUSTIBLE;SIN PEDIDO;;;;;;;;;;;ZSSD;C29
00365 RIO TINTO;1028214;FILTRO DE RETORNO HIDRAULICO;ZPAN;1000082403;ADJUDICADO;4500120017;;;;18/2/2026;4/2/2026;C29;10142282;ZSSD;C29
00365 RIO TINTO;1029692;FILTRO DE ACEITE DE LA TRANSMISION;ZPAN;1000078673;ADJUDICADO;4500120885;;;;13/12/2025;29/11/2025;AGV;10137085;ZSTO;C29
00365 RIO TINTO;1029693;FILTRO DE SUCCION;ZPAN;1000078673;SIN TRATAMIENTO;;;;;13/12/2025;29/11/2025;;10137085;ZSTO;C29
00365 RIO TINTO;1030030;FILTRO AIRE TANQUE HIDRAULICO;ZPAN;1000075635;SIN TRATAMIENTO;;;;;24/10/2025;10/10/2025;;10133129;ZSSD;AGV
00365 RIO TINTO;1033329;CUCHILLAS 15 AGUJEROS;ZPAN;1000079945;SIN TRATAMIENTO;;;;;13/1/2026;22/12/2025;;10138817;ZSSD;AGV
00365 RIO TINTO;1033332;"TUERCAS CUCHILLAS Y CANTONERAS ø 5/8""";ZPAN;1000082197;SIN TRATAMIENTO;;;;;23/2/2026;2/2/2026;;10141925;ZSSD;AGV
00365 RIO TINTO;1034629;JUNTA TAPA PRINCIPAL;SIN PEDIDO;;;;;;;;;;;ZSTO;C29
00365 RIO TINTO;1041677;FILTRO CABINA TEREX;ZPAN;1000078730;ADJUDICADO;4500118913;;;;22/12/2025;1/12/2025;AGV;10137152;ZSTO;AGV
00365 RIO TINTO;1042746;FILTRO AIRE FRESCO A/A;SIN PEDIDO;;;;;;;;;;;ZSTO;C29
00365 RIO TINTO;1042753;FILTRO COLADOR TANQUE COMBUSTIBLE;SIN PEDIDO;;;;;;;;;;;ZSTO;AGV
00365 RIO TINTO;1042779;CORREA ALTERNADOR;SIN PEDIDO;;;;;;;;;;;ZSTO;AGV
00365 RIO TINTO;1042782;FILTRO DE CABINA;ZPAN;1000079777;SIN TRATAMIENTO;;;;;7/1/2026;17/12/2025;;10138547;ZSTO;AGV
00365 RIO TINTO;1042786;FILTRO HIDRAULICO DE ALTA PRESION;ZPAN;1000078730;ADJUDICADO;4500116346;;;;22/12/2025;1/12/2025;AGV;10137152;ZSTO;AGV
00365 RIO TINTO;1042787;FILTRO TRANSMISION;ZPAN;1000078730;ADJUDICADO;4500116346;;;;22/12/2025;1/12/2025;AGV;10137152;ZSTO;AGV
00365 RIO TINTO;1047054;CORREA ALTERNADOR;ZPAN;1000078730;ADJUDICADO;4500119589;;;;22/12/2025;1/12/2025;AGV;10137152;ZSTO;AGV
00365 RIO TINTO;1047055;CORREA DE COMPRESOR A/A;ZPAN;1000078730;ADJUDICADO;4500119589;;;;22/12/2025;1/12/2025;AGV;10137152;ZSTO;AGV
00365 RIO TINTO;1047058;ELEMENTO FILTRANTE KOBELCO;ZPAN;1000078730;SIN TRATAMIENTO;;;;;22/12/2025;1/12/2025;;10137152;ZSTO;AGV
00365 RIO TINTO;1047640;Filtro Cabina Interior;ZPAN;1000082403;SIN TRATAMIENTO;;;;;18/2/2026;4/2/2026;;10142282;ZSTO;C29
00365 RIO TINTO;1048380;FILTRO DE AIRE;ZPAN;1000080831;SIN TRATAMIENTO;;;;;2/2/2026;12/1/2026;;10140109;ZSTO;AGV
00365 RIO TINTO;1049602;Filtro Aceite Motor;ZPAN;1000082403;SIN TRATAMIENTO;;;;;18/2/2026;4/2/2026;;10142282;ZSTO;AGV
00365 RIO TINTO;1049604;Filtro Aceite Motor;ZPAN;1000082403;SIN TRATAMIENTO;;;;;18/2/2026;4/2/2026;;10142282;ZSTO;AGV
00365 RIO TINTO;1049605;FILTRO COMBUSTIBLE;ZPAN;1000082403;SIN TRATAMIENTO;;;;;18/2/2026;4/2/2026;;10142282;ZSTO;AGV
00365 RIO TINTO;1049607;FILTRO TRAMPA DE AGUA;ZPAN;1000082403;SIN TRATAMIENTO;;;;;18/2/2026;4/2/2026;;10142282;ZSTO;AGV
00368-YPF Acueducto TBH;1001872;RESMA DE HOJA A3 75GR. X UN;ZPAS;1000083765;DESPACHADO;;;3/3/2026;4/3/2026;19/3/2026;27/2/2026;;;ZSTO;C17
00368-YPF Acueducto TBH;1003281;FILTRO DE AIRE SECUNDARIO;ZPAS;1000084186;SIN TRATAMIENTO;;;;;26/3/2026;5/3/2026;;;ZSTO;F04
00368-YPF Acueducto TBH;1004308;ACEITE HIDRAULICO X 20LT;SIN PEDIDO;;;;;;;;;;;ZSTO;C29
00368-YPF Acueducto TBH;1036652;AZUL DE PRUSIA POMO DE 30 CM3;ZPAN;1000082620;SIN TRATAMIENTO;;;;;27/2/2026;9/2/2026;;10142542;ZSSD;C37
00372 UTE 372 GEO POSCO II;1001681;FICHA T.STECK MACHO 380V 32A T N XUN;ZPAN;1000084206;SIN TRATAMIENTO;;;;;26/3/2026;5/3/2026;;10144665;ZSTO;C11
00372 UTE 372 GEO POSCO II;1001754;BOTIN MARRON/NEGRO FLOR P.ACERO N 38;ZPAN;1000084035;ADJUDICADO;4500121877;;;;31/3/2026;3/3/2026;C28;10144348;ZSTO;C28
00372 UTE 372 GEO POSCO II;1001758;BOTIN MARRON/NEGRO FLOR P.ACERO N 42;ZPAN;1000083109;ADJUDICADO;4500121071;;;;18/3/2026;18/2/2026;C17;10143100;ZSTO;C28
00372 UTE 372 GEO POSCO II;1001759;BOTIN MARRON/NEGRO FLOR P.ACERO N 43;ZPAN;1000083109;ADJUDICADO;4500121071;;;;18/3/2026;18/2/2026;C17;10143100;ZSTO;C28
00372 UTE 372 GEO POSCO II;1001760;BOTINMARRON/NEGRO FLOR P.ACERO N 44;ZPAN;1000082802;ADJUDICADO;4500121071;;;;14/3/2026;11/2/2026;C17;10142734;ZSTO;C28
00372 UTE 372 GEO POSCO II;1001783;ACEITE HIDRAULICO X 205L;ZPAN;1000081382;DESPACHADO;4500118097;28/1/2026;28/1/2026;6/3/2026;10/2/2026;20/1/2026;L01;10140822;ZSTO;L01
00372 UTE 372 GEO POSCO II;1001786;ACEITE ISO 46 HIDRAULICO  X 205L;ZPAN;1000081525;DESPACHADO;4500118426;3/2/2026;3/2/2026;6/3/2026;12/2/2026;22/1/2026;L01;10141096;ZSTO;L01
00372 UTE 372 GEO POSCO II;1001790;ACEITE 15W40  X 205L;ZPAN;1000081382;DESPACHADO;4500118097;28/1/2026;28/1/2026;6/3/2026;10/2/2026;20/1/2026;L01;10140822;ZSTO;L01
00372 UTE 372 GEO POSCO II;1001823;ACEITE F50 5W40 X 20 L;ZPAN;1000083766;ADJUDICADO;4500121544;;;;20/3/2026;27/2/2026;L01;10144053;ZSTO;L01
00372 UTE 372 GEO POSCO II;1001834;CUBIERTA 265 65 17 DUELER A T 693;ZPAN;1000079872;DESPACHADO;4500115954;28/1/2026;28/1/2026;6/3/2026;2/2/2026;19/12/2025;C47;10138730;ZSTO;C47
00372 UTE 372 GEO POSCO II;1001943;ADHESIVO CIANO 20 G XUN;SIN PEDIDO;;;;;;;;;;;ZSTO;C13
00372 UTE 372 GEO POSCO II;1001961;CINTA AISLADORA NEGRA X10MT;SIN PEDIDO;;;;;;;;;;;ZSTO;C13
00372 UTE 372 GEO POSCO II;1002045;CAMISETA PRIMERA PIEL T.L;SIN PEDIDO;;;;;;;;;;;ZSTO;C28
00372 UTE 372 GEO POSCO II;1002050;CAMPERA 2 PIEL T. M;ZPAN;1000083363;ADJUDICADO;4500121072;;;;17/3/2026;21/2/2026;C28;10143456;ZSTO;C28
00372 UTE 372 GEO POSCO II;1002051;CAMPERA 2 PIEL T. L;ZPAN;1000083363;ADJUDICADO;4500121072;;;;17/3/2026;21/2/2026;C28;10143456;ZSTO;C28
00372 UTE 372 GEO POSCO II;1002376;UNA BALDE TRAS;SIN PEDIDO;;;;;;;;;;;ZSTO;G04
00372 UTE 372 GEO POSCO II;1002377;PERNO UNA TRAS;SIN PEDIDO;;;;;;;;;;;ZSTO;G05
00372 UTE 372 GEO POSCO II;1002378;TRABA BALDE TRAS;SIN PEDIDO;;;;;;;;;;;ZSTO;G05
00372 UTE 372 GEO POSCO II;1002385;UNA;ZPAN;1000081279;DESPACHADO;4500118057;3/3/2026;3/3/2026;6/3/2026;19/3/2026;19/1/2026;G04;10140700;ZSTO;G04
00372 UTE 372 GEO POSCO II;1002390;PORTA UNAS CENTRALES;SIN PEDIDO;;;;;;;;;;;ZSTO;G04
00372 UTE 372 GEO POSCO II;1002480;FILTRO ACEITE;ZPAN;1000083401;DESPACHADO;4500120789;26/2/2026;26/2/2026;6/3/2026;16/3/2026;23/2/2026;F03;10143511;ZSTO;F03
00372 UTE 372 GEO POSCO II;1002491;Filtro Aceite Motor;ZPAN;1000084036;SIN TRATAMIENTO;;;;;24/3/2026;3/3/2026;;10144350;ZSTO;F03
00372 UTE 372 GEO POSCO II;1002514;FILTRO ACEITE;ZPAN;1000083401;ADJUDICADO;4500121595;;;;16/3/2026;23/2/2026;F03;10143511;ZSTO;F03
00372 UTE 372 GEO POSCO II;1002592;FILTRO ACEITE MOTOR XUN;ZPAN;1000083526;DESPACHADO;4500120992;2/3/2026;2/3/2026;6/3/2026;17/3/2026;24/2/2026;F04;10143658;ZSTO;F03
00372 UTE 372 GEO POSCO II;1002738;Filtro Aceite Motor;SIN PEDIDO;;;;;;;;;;;ZSTO;F03
00372 UTE 372 GEO POSCO II;1002750;FILTRO COMBUSTIBLE;ZPAN;1000083526;DESPACHADO;4500120992;2/3/2026;2/3/2026;6/3/2026;17/3/2026;24/2/2026;F04;10143658;ZSTO;F06
00372 UTE 372 GEO POSCO II;1002926;FILTRO AIRE SECUNDARIO;ZPAN;1000083401;DESPACHADO;4500120789;26/2/2026;26/2/2026;6/3/2026;16/3/2026;23/2/2026;F03;10143511;ZSTO;F04
00372 UTE 372 GEO POSCO II;1002934;FILTRO PRIMARIO COMBUSTIBLE;ZPAN;1000083401;ADJUDICADO;4500121360;;;;16/3/2026;23/2/2026;F06;10143511;ZSTO;F06
00372 UTE 372 GEO POSCO II;1002997;Filtro Cabina Interior;ZPAN;1000082193;EMBALADO;4500119257;6/3/2026;6/3/2026;;23/3/2026;2/2/2026;F05;10141922;ZSTO;F05
00372 UTE 372 GEO POSCO II;1003089;FILTRO DE CABINA;ZPAN;1000083766;EMBALADO;4500121301;6/3/2026;6/3/2026;;20/3/2026;27/2/2026;F05;10144053;ZSTO;F05
00372 UTE 372 GEO POSCO II;1003174;FILTRO DE AIRE SECUNDARIO;ZPAN;1000083927;SIN TRATAMIENTO;;;;;23/3/2026;2/3/2026;;10144230;ZSTO;F04
00372 UTE 372 GEO POSCO II;1003176;FILTRO A A CABINA INTERIOR;ZPAN;1000083927;SIN TRATAMIENTO;;;;;23/3/2026;2/3/2026;;10144230;ZSTO;F10
00372 UTE 372 GEO POSCO II;1003213;ELEMENTO FILTRO DE ACEITE;ZPAN;1000084286;SIN TRATAMIENTO;;;;;27/3/2026;6/3/2026;;10144746;ZSTO;F03
00372 UTE 372 GEO POSCO II;1003217;FILTRO DE COMBUSTIBLE;SIN PEDIDO;;;;;;;;;;;ZSTO;F06
00372 UTE 372 GEO POSCO II;1003219;FILTRO VENTILACION DE CARTER;ZPAN;1000083927;SIN TRATAMIENTO;;;;;23/3/2026;2/3/2026;;10144230;ZSTO;F04
00372 UTE 372 GEO POSCO II;1003247;FILTRO DE VENTEO TANQUE HIDRAULICO;ZPAN;1000082348;ADJUDICADO;4500119543;;;;25/3/2026;4/2/2026;F07;10142187;ZSTO;F07
00372 UTE 372 GEO POSCO II;1003345;FILTRO DE AIRE;SIN PEDIDO;;;;;;;;;;;ZSTO;F04
00372 UTE 372 GEO POSCO II;1003360;FILTRO A A CABINA EXTERIOR;ZPAN;1000083927;SIN TRATAMIENTO;;;;;23/3/2026;2/3/2026;;10144230;ZSTO;F10
00372 UTE 372 GEO POSCO II;1003364;FILTRO AIRE SECUNDARIO;ZPAN;1000083526;DESPACHADO;4500120992;2/3/2026;2/3/2026;6/3/2026;17/3/2026;24/2/2026;F04;10143658;ZSTO;F04
00372 UTE 372 GEO POSCO II;1003365;FILTRO AIRE PRIMARIO;ZPAN;1000083526;DESPACHADO;4500120992;2/3/2026;2/3/2026;6/3/2026;17/3/2026;24/2/2026;F04;10143658;ZSTO;F04
00372 UTE 372 GEO POSCO II;1003953;BATERIA 12V 75AMP;ZPAN;1000084036;SIN TRATAMIENTO;;;;;24/3/2026;3/3/2026;;10144350;ZSTO;C03
00372 UTE 372 GEO POSCO II;1004317;ACEITE CAJA DE CAMBIOS x 205LTS;ZPAN;1000082622;DESPACHADO;4500119990;4/3/2026;4/3/2026;6/3/2026;22/3/2026;9/2/2026;L01;10142543;ZSTO;L01
00372 UTE 372 GEO POSCO II;1013522;ACEITE DIFERENCIALES VOLVO97312 x 205LTS;ZPAN;1000082622;DESPACHADO;4500119990;4/3/2026;4/3/2026;6/3/2026;22/3/2026;9/2/2026;L01;10142543;ZSCD;C29
00372 UTE 372 GEO POSCO II;1015810;LIMPIACONTACTO EN AEROSOL X UN;SIN PEDIDO;;;;;;;;;;;ZSSD;C13
00372 UTE 372 GEO POSCO II;1015861;SELLADOR BRIDA LOCTITE 5900 CART X300ML;SIN PEDIDO;;;;;;;;;;;ZSSD;C13
00372 UTE 372 GEO POSCO II;1015977;RODILLERA SOLDADOR;ZPAN;1000083766;ADJUDICADO;4500121538;;;;20/3/2026;27/2/2026;C28;10144053;ZSCD;C28
00372 UTE 372 GEO POSCO II;1016296;Tuerca de Portauñas izq/ der;ZPAN;1000084036;SIN TRATAMIENTO;;;;;24/3/2026;3/3/2026;;10144350;ZSTO;G05
00372 UTE 372 GEO POSCO II;1016443;Uña;SIN PEDIDO;;;;;;;;;;;ZSTO;G04
00372 UTE 372 GEO POSCO II;1016444;traba de uña;SIN PEDIDO;;;;;;;;;;;ZSTO;G05
00372 UTE 372 GEO POSCO II;1016909;CINTA METRICA X5MT;SIN PEDIDO;;;;;;;;;;;ZSSD;C13
00372 UTE 372 GEO POSCO II;1022803;CORREA VENTILADOR - JD 310;ZPAN;1000083401;DESPACHADO;4500120936;5/3/2026;5/3/2026;6/3/2026;16/3/2026;23/2/2026;C03;10143511;ZSTO;C03
00372 UTE 372 GEO POSCO II;1034628;JUNTA DE BALANCINES;ZPAN;1000083526;ADJUDICADO;4500121552;;;;17/3/2026;24/2/2026;C29;10143658;ZSTO;C29
00372 UTE 372 GEO POSCO II;1034629;JUNTA TAPA PRINCIPAL;ZPAN;1000083454;ADJUDICADO;4500121620;;;;22/3/2026;23/2/2026;C29;10143591;ZSTO;C29
00372 UTE 372 GEO POSCO II;1042020;CAMPERA ABRIGO ROJA T.XXL;ZPAN;1000082714;ADJUDICADO;4500119970;;;;10/3/2026;10/2/2026;C28;10142635;ZSCD;C28
00372 UTE 372 GEO POSCO II;1043433;RODILLO PRESION CUÑA;ZPAN;1000078176;ADJUDICADO;4500114743;;;;21/3/2026;20/11/2025;CGT;10136476;ZSTO;CGT
00372 UTE 372 GEO POSCO II;1048105;CADENA COMPLETA;ZPAN;1000078176;RECEPCIONADO PARCIAL;4500114743;24/1/2026;;;21/3/2026;20/11/2025;CGT;10136476;ZSTO;CGT
00372 UTE 372 GEO POSCO II;1048106;RUEDA DENTADA Z10;ZPAN;1000078176;RECEPCIONADO PARCIAL;4500114743;24/1/2026;;;21/3/2026;20/11/2025;CGT;10136476;ZSTO;CGT
00372 UTE 372 GEO POSCO II;1048110;KIT CUÑA GEOSTAR 7;ZPAN;1000078176;ADJUDICADO;4500114743;;;;21/3/2026;20/11/2025;CGT;10136476;ZSTO;CGT
00372 UTE 372 GEO POSCO II;1048243;CADENA DE RODILLO - LEISTER;ZPAN;1000078372;ADJUDICADO;4500114743;;;;28/3/2026;25/11/2025;CGT;10136715;ZSTO;CGT
00372 UTE 372 GEO POSCO II;1048244;RUEDA CADENA Z20 - LEISTER;ZPAN;1000078372;RECEPCIONADO PARCIAL;4500114743;24/1/2026;;;28/3/2026;25/11/2025;CGT;10136715;ZSTO;CGT
00372 UTE 372 GEO POSCO II;1048245;RUEDA CADENA Z14 - LEISTER;ZPAN;1000078372;RECEPCIONADO PARCIAL;4500114743;24/1/2026;;;21/3/2026;25/11/2025;CGT;10136715;ZSTO;CGT
00372 UTE 372 GEO POSCO II;1048247;EJE MOTRIZ - LEISTER;ZPAN;1000078372;ADJUDICADO;4500114743;;;;28/3/2026;25/11/2025;CGT;10136715;ZSTO;CGT
00374 TERMINAL PUNTA COLORADA;1000043;BOTIQUIN 1ROS. AUXILIOS N 2;ZPAS;1000084037;DESPACHADO;;;4/3/2026;6/3/2026;23/3/2026;3/3/2026;;;ZSTO;C28
00374 TERMINAL PUNTA COLORADA;1001673;ALAMBRE 1.42MM NEGRO RECOCIDO P ATAR XKG;ZPAN;1000083268;ADJUDICADO;4500120752;;;;11/3/2026;19/2/2026;C08;10143324;ZSTO;C08
00374 TERMINAL PUNTA COLORADA;1001684;DELANTALDESCARNE0.60X1.20CONREFUERZO;SIN PEDIDO;;;;;;;;;;;ZSTO;C28
00374 TERMINAL PUNTA COLORADA;1001710;CINTA DEMARCAR PELIGRO ECOLOGICA;ZPAS;1000082625;CUMPLIDO PARCIAL;;;10/2/2026;12/2/2026;27/2/2026;9/2/2026;;;ZSTO;C28
00374 TERMINAL PUNTA COLORADA;1001718;RODILLERA SOLDADOR;ZPAS;1000084189;PICKEADO PARCIAL;;;6/3/2026;;26/3/2026;5/3/2026;;;ZSTO;C28
00374 TERMINAL PUNTA COLORADA;1001726;SUSPENSION CREMALLERA;ZPAS;1000082349;DESPACHADO;;;6/3/2026;6/3/2026;24/2/2026;4/2/2026;;;ZSTO;C28
00374 TERMINAL PUNTA COLORADA;1001728;ADAPTADOR PROTECTOR FACIAL;ZPAS;1000083110;CUMPLIDO PARCIAL;;;20/2/2026;27/2/2026;10/3/2026;18/2/2026;;;ZSTO;C28
00374 TERMINAL PUNTA COLORADA;1001775;ESLINGA SINTETICA 8MTS 6TN CERTIFICADA;SIN PEDIDO;;;;;;;;;;;ZSTO;C13
00374 TERMINAL PUNTA COLORADA;1001881;MARCADOR INDUSTRIAL - ROJO UNIPAINT X UN;ZPAS;1000083590;CUMPLIDO PARCIAL;;;27/2/2026;3/3/2026;17/3/2026;25/2/2026;;;ZSTO;C17
00374 TERMINAL PUNTA COLORADA;1001888;BOLSAS RESIDUOS XUN 102X130 NEGRA;ZPAS;1000084287;PICKEADO PARCIAL;;;;;27/3/2026;6/3/2026;;;ZSTO;C17
00374 TERMINAL PUNTA COLORADA;1001933;DISCO 114x1,6x222 REFORZADO x UN;SIN PEDIDO;;;;;;;;;;;ZSTO;C13
00374 TERMINAL PUNTA COLORADA;1001955;SELLADOR DE SILICONA TRANSP;ZPAN;1000083346;RECEPCIONADO;4500120527;21/2/2026;;;25/2/2026;20/2/2026;374;10143437;ZSTO;C13
00374 TERMINAL PUNTA COLORADA;1001988;ELECTRODO AWS6013 X 3,25MM X KG;SIN PEDIDO;;;;;;;;;;;ZSTO;C13
00374 TERMINAL PUNTA COLORADA;1002174;CORREA A A X UN;ZPAS;1000084287;PICKEADO PARCIAL;;;;;27/3/2026;6/3/2026;;;ZSTO;C29
00374 TERMINAL PUNTA COLORADA;1002280;TUERCA;ZPAS;1000083929;DESPACHADO;;;4/3/2026;6/3/2026;20/3/2026;2/3/2026;;;ZSTO;G05
00374 TERMINAL PUNTA COLORADA;1002349;TRABA P UNA XUN;ZPAS;1000083770;DESPACHADO;;;2/3/2026;3/3/2026;19/3/2026;27/2/2026;;;ZSTO;G05
00374 TERMINAL PUNTA COLORADA;1002365;CUCHILLA PARA BALDE 68;SIN PEDIDO;;;;;;;;;;;ZSTO;G01
00374 TERMINAL PUNTA COLORADA;1002580;FILTRO X UN;ZPAS;1000084102;PICKEADO;;;6/3/2026;;25/3/2026;4/3/2026;;;ZSTO;F14
00374 TERMINAL PUNTA COLORADA;1002733;FILTRO AIRE CABINA XUN;ZPAS;1000083929;DESPACHADO;;;4/3/2026;6/3/2026;20/3/2026;2/3/2026;;;ZSTO;F05
00374 TERMINAL PUNTA COLORADA;1002830;FILTRO AIRE 1;ZPAS;1000082625;DESPACHADO;;;2/3/2026;3/3/2026;27/2/2026;9/2/2026;;;ZSTO;F04
00374 TERMINAL PUNTA COLORADA;1003669;PIN PIN STOP;ZPAN;1000078824;ADJUDICADO;4500114939;;;;23/12/2025;2/12/2025;C29;10137256;ZSTO;C29
00374 TERMINAL PUNTA COLORADA;1004022;LAMPARA 12V-21 5W X UN;ZPAS;1000083929;DESPACHADO;;;4/3/2026;6/3/2026;20/3/2026;2/3/2026;;;ZSTO;C03
00374 TERMINAL PUNTA COLORADA;1009466;TUERCA;SIN PEDIDO;;;;;;;;;;;ZSTO;C29
00374 TERMINAL PUNTA COLORADA;1015780;CINTA METRICA X 10 MTS;ZPAN;1000083111;SIN TRATAMIENTO;;;;;10/3/2026;18/2/2026;;10143102;ZSSD;C13
00374 TERMINAL PUNTA COLORADA;1016494;CASCO CARCAZA GRIS;ZPAN;1000083930;SIN TRATAMIENTO;;;;;20/3/2026;2/3/2026;;10144231;ZSSD;C28
00374 TERMINAL PUNTA COLORADA;1016909;CINTA METRICA X5MT;ZPAN;1000082283;CUMPLIDO PARCIAL;4500121882;9/2/2026;9/2/2026;9/2/2026;23/2/2026;3/2/2026;C27;10142052;ZSSD;C13
00374 TERMINAL PUNTA COLORADA;1016920;SOGA NAUTICA 12MM;ZPAN;1000082942;CUMPLIDO PARCIAL;4500120494;25/2/2026;25/2/2026;25/2/2026;5/3/2026;13/2/2026;C27;10142948;ZSSD;C13
00374 TERMINAL PUNTA COLORADA;1016921;SOGA NAUTICA 8MM;ZPAN;1000082435;ADJUDICADO;4500121882;;;;25/2/2026;5/2/2026;C27;10142311;ZSSD;C13
00374 TERMINAL PUNTA COLORADA;1016930;BALDE ALBANIL PLASTICO;ZPAN;1000082350;SIN TRATAMIENTO;;;;;24/2/2026;4/2/2026;;10142188;ZSSD;C13
00374 TERMINAL PUNTA COLORADA;1016937;NIVEL DE BURBUJA 30CM;ZPAN;1000083111;ADJUDICADO;4500121882;;;;10/3/2026;18/2/2026;C27;10143102;ZSSD;C13
00374 TERMINAL PUNTA COLORADA;1016954;TANZA 0.80MM -COLOR ROJO- XROLLO;ZPAN;1000082435;SIN TRATAMIENTO;;;;;25/2/2026;5/2/2026;;10142311;ZSSD;C13
00374 TERMINAL PUNTA COLORADA;1016955;SOGA NAUTICA 10MM;ZPAN;1000082435;SIN TRATAMIENTO;;;;;25/2/2026;5/2/2026;;10142311;ZSSD;C13
00374 TERMINAL PUNTA COLORADA;1016965;PORTABLOCK ACRILICO C CLIP SUPERIOR;ZPAN;1000083302;ADJUDICADO;4500120671;;;;12/3/2026;20/2/2026;374;10143356;ZSSD;C17
00374 TERMINAL PUNTA COLORADA;1016968;PERFORADORA MET MIT 20-25 HJ C REGLA;ZPAN;1000083302;ADJUDICADO;4500120671;;;;12/3/2026;20/2/2026;374;10143356;ZSSD;C17
00374 TERMINAL PUNTA COLORADA;1016973;MAZA MINERO 3 KG;ZPAS;1000084189;PICKEADO PARCIAL;;;6/3/2026;;26/3/2026;5/3/2026;;;ZSSD;C13
00374 TERMINAL PUNTA COLORADA;1016999;BOLIGRAFO TRAZO GRUESO AZUL;ZPAN;1000083302;ADJUDICADO;4500120671;;;;12/3/2026;20/2/2026;374;10143356;ZSSD;C17
00374 TERMINAL PUNTA COLORADA;1017005;CADENA PLASTICA ROJA Y BLANCA X ML;ZPAN;1000083856;ADJUDICADO;4500121782;;;;13/3/2026;28/2/2026;C34;10144161;ZSSD;C28
00374 TERMINAL PUNTA COLORADA;1017009;BLOCK A5 ESPIRAL CUADRIC 70HS;ZPAN;1000082283;CUMPLIDO PARCIAL;4500119274;14/2/2026;14/2/2026;14/2/2026;9/3/2026;3/2/2026;374;10142052;ZSSD;C17
00374 TERMINAL PUNTA COLORADA;1017012;CARPETA CRISTAL BASE OPACA A4 AZUL NEGRA;SIN PEDIDO;;;;;;;;;;;ZSSD;C17
00374 TERMINAL PUNTA COLORADA;1017019;ABROCHADORA PINZA N10;ZPAN;1000083302;ADJUDICADO;4500120671;;;;12/3/2026;20/2/2026;374;10143356;ZSSD;C17
00374 TERMINAL PUNTA COLORADA;1017022;CUADERNO ESPIRAL CUAD A4 T.SEMIDURA 80HJ;SIN PEDIDO;;;;;;;;;;;ZSSD;C17
00374 TERMINAL PUNTA COLORADA;1017035;GOMA DE BORRAR LAPIZ;SIN PEDIDO;;;;;;;;;;;ZSSD;C17
00374 TERMINAL PUNTA COLORADA;1017046;CEPILLO VIOLIN P LAVAR COCHES;ZPAN;1000082283;ADJUDICADO;4500119268;;;;12/3/2026;3/2/2026;374;10142052;ZSSD;C17
00374 TERMINAL PUNTA COLORADA;1017096;SERRUCHO COSTILLA 9DPP - 20PG;SIN PEDIDO;;;;;;;;;;;ZSSD;C13
00374 TERMINAL PUNTA COLORADA;1017233;PAPEL HIGIENICO X72UN XUN;ZPAN;1000084288;SIN TRATAMIENTO;;;;;27/3/2026;6/3/2026;;10144747;ZSSD;C17
00374 TERMINAL PUNTA COLORADA;1018580;BULONES;SIN PEDIDO;;;;;;;;;;;ZSSD;C29
00374 TERMINAL PUNTA COLORADA;1022812;CORREA COMPRESOR A/A;ZPAN;1000083111;DESPACHADO PARCIAL;4500120368;27/2/2026;27/2/2026;3/3/2026;10/3/2026;18/2/2026;C29;10143102;ZSTO;C03
00374 TERMINAL PUNTA COLORADA;1026936;NIVEL DE BURBUJA 60CM;ZPAN;1000082942;ADJUDICADO;4500121882;;;;5/3/2026;13/2/2026;C27;10142948;ZSCD;C13
00374 TERMINAL PUNTA COLORADA;1026942;ESCUADRA ALBANIL 45° 20CMx30CM METAL;ZPAN;1000082283;SIN TRATAMIENTO;;;;;23/2/2026;3/2/2026;;10142052;ZSCD;C13
00374 TERMINAL PUNTA COLORADA;1027157;CORREA ALTERNADOR;ZPAN;1000084288;SIN TRATAMIENTO;;;;;27/3/2026;6/3/2026;;10144747;ZSSD;C03
00374 TERMINAL PUNTA COLORADA;1029327;CORREA MOTOR;SIN PEDIDO;;;;;;;;;;;ZSTO;C03
00374 TERMINAL PUNTA COLORADA;1029977;GRASA BECHEM HIGH - LUB LM 2EP;ZPAN;1000078407;ADJUDICADO;4500120430;;;;17/12/2025;26/11/2025;L01;10136757;ZSTO;L01
00374 TERMINAL PUNTA COLORADA;1034135;"GRILLETE CORAZON 4 TN 3/4"" C CERTIFICADO";ZPAN;1000082350;SIN TRATAMIENTO;;;;;24/2/2026;4/2/2026;;10142188;ZSCD;C27
00374 TERMINAL PUNTA COLORADA;1036100;CONO FLEX. C/REFLECT. Y BASE CAUCHO 70CM;ZPAS;1000084189;PICKEADO;;;6/3/2026;;26/3/2026;5/3/2026;;;ZSTO;C28
00374 TERMINAL PUNTA COLORADA;1041725;"CUCHILLA (7′ X 8″ X 5/8″) X 15 Aguj 5/8""";ZPAN;1000076029;CUMPLIDO PARCIAL;4500113010;23/1/2026;23/1/2026;27/1/2026;6/11/2025;17/10/2025;G01;10133598;ZSTO;C03
00374 TERMINAL PUNTA COLORADA;1046486;CORREA ALTERNADOR;ZPAN;1000083111;CUMPLIDO PARCIAL;4500120395;26/2/2026;26/2/2026;3/3/2026;10/3/2026;18/2/2026;C03;10143102;ZSTO;C03
00374 TERMINAL PUNTA COLORADA;1047246;MAZA MINERO 2KG C/ CABO PLASTICO;ZPAN;1000082627;SIN TRATAMIENTO;;;;;27/2/2026;9/2/2026;;10142546;ZSCD;C27
00374 TERMINAL PUNTA COLORADA;1047247;"TIJERA CORTAPERNO 12"" (HASTA D4MM)";ZPAN;1000082942;SIN TRATAMIENTO;;;;;5/3/2026;13/2/2026;;10142948;ZSCD;C27
00374 TERMINAL PUNTA COLORADA;1047252;MOCHILA PULVERIZADORA X20LT;ZPAN;1000083930;SIN TRATAMIENTO;;;;;20/3/2026;2/3/2026;;10144231;ZSCD;C27
00374 TERMINAL PUNTA COLORADA;1047254;ARNES ANTICAIDA;ZPAN;1000082508;ADJUDICADO;4500120107;;;;26/2/2026;6/2/2026;C28;10142397;ZSCD;C28
00374 TERMINAL PUNTA COLORADA;1047255;COLA DE AMARRE SIMPLE;ZPAN;1000082508;ADJUDICADO;4500121882;;;;26/2/2026;6/2/2026;C27;10142397;ZSCD;C27
00374 TERMINAL PUNTA COLORADA;1047264;MECHA WIDIA SDS MAX Ø16MM 220MM;ZPAN;1000081878;ADJUDICADO;4500121882;;;;17/2/2026;28/1/2026;C27;10141570;ZSCD;C27
00374 TERMINAL PUNTA COLORADA;1047265;MECHA WIDIA SDS MAX Ø18MM 220MM;ZPAN;1000081878;SIN TRATAMIENTO;;;;;17/2/2026;28/1/2026;;10141570;ZSCD;C27
00374 TERMINAL PUNTA COLORADA;1047266;MECHA WIDIA SDS MAX Ø20MM 220MM;ZPAN;1000081878;ADJUDICADO;4500121882;;;;17/2/2026;28/1/2026;C27;10141570;ZSCD;C27
00374 TERMINAL PUNTA COLORADA;1047267;MECHA WIDIA SDS MAX Ø25MM 220MM;ZPAN;1000081878;SIN TRATAMIENTO;;;;;17/2/2026;28/1/2026;;10141570;ZSCD;C27
00374 TERMINAL PUNTA COLORADA;1047273;MECHA WIDIA SDS PLUS Ø18MM 220MM;ZPAN;1000081878;SIN TRATAMIENTO;;;;;17/2/2026;28/1/2026;;10141570;ZSCD;C27
00374 TERMINAL PUNTA COLORADA;1047274;MECHA WIDIA SDS PLUS Ø20MM 220MM;ZPAN;1000081878;ADJUDICADO;4500121882;;;;17/2/2026;28/1/2026;C27;10141570;ZSCD;C27
00374 TERMINAL PUNTA COLORADA;1047275;MECHA WIDIA SDS PLUS Ø25MM 220MM;ZPAN;1000081878;ADJUDICADO;4500121882;;;;17/2/2026;28/1/2026;C27;10141570;ZSCD;C27
00374 TERMINAL PUNTA COLORADA;1047278;MECHA WIDIA SDS MAX Ø16MM 450MM;ZPAN;1000081878;ADJUDICADO;4500121882;;;;17/2/2026;28/1/2026;C27;10141570;ZSCD;C27
00374 TERMINAL PUNTA COLORADA;1047279;MECHA WIDIA SDS MAX Ø18MM 450MM;ZPAN;1000081878;ADJUDICADO;4500121882;;;;17/2/2026;28/1/2026;C27;10141570;ZSCD;C27
00374 TERMINAL PUNTA COLORADA;1047280;MECHA WIDIA SDS MAX Ø20MM 450MM;SIN PEDIDO;;;;;;;;;;;ZSCD;C27
00374 TERMINAL PUNTA COLORADA;1047281;MECHA WIDIA SDS MAX Ø25MM 450MM;SIN PEDIDO;;;;;;;;;;;ZSCD;C27
00374 TERMINAL PUNTA COLORADA;1047283;MECHA WIDIA SDS PLUS Ø8MM 450MM;ZPAN;1000081878;SIN TRATAMIENTO;;;;;17/2/2026;28/1/2026;;10141570;ZSCD;C27
00374 TERMINAL PUNTA COLORADA;1047447;PROTECTOR METATARSAL EXTERNO XPAR;ZPAN;1000082508;ADJUDICADO;4500120107;;;;13/3/2026;6/2/2026;C28;10142397;ZSCD;C28
00374 TERMINAL PUNTA COLORADA;1047474;SOGA NAUTICA 16MM;ZPAN;1000082942;CUMPLIDO PARCIAL;4500120494;25/2/2026;25/2/2026;25/2/2026;5/3/2026;13/2/2026;C27;10142948;ZSCD;C27
00374 TERMINAL PUNTA COLORADA;1047507;MORSA BARBERO N°8;ZPAN;1000082435;SIN TRATAMIENTO;;;;;25/2/2026;5/2/2026;;10142311;ZSCD;C27
00374 TERMINAL PUNTA COLORADA;1047514;"CEPILLO DE ACERO TRENZADO P/AMOLADORA 9""";ZPAN;1000081878;SIN TRATAMIENTO;;;;;17/2/2026;28/1/2026;;10141570;ZSCD;C27
00374 TERMINAL PUNTA COLORADA;1048856;BALDE PLASTICO 12LTS.;ZPAN;1000084288;SIN TRATAMIENTO;;;;;27/3/2026;6/3/2026;;10144747;ZSCD;C17
00374 TERMINAL PUNTA COLORADA;1049436;MARTILLO CARPINTERO C/CABO DE FIBRA;ZPAN;1000083222;SIN TRATAMIENTO;;;;;11/3/2026;19/2/2026;;10143217;ZSCD;C27
00374 TERMINAL PUNTA COLORADA;1049668;TORNILLO;ZPAN;1000081472;CUMPLIDO PARCIAL;4500118391;12/2/2026;12/2/2026;12/2/2026;4/2/2026;21/1/2026;C03;10141016;ZSTO;C03
00374 TERMINAL PUNTA COLORADA;1049669;TUERCA DE SEGURIDAD;ZPAN;1000081472;DESPACHADO PARCIAL;4500118391;3/3/2026;3/3/2026;3/3/2026;4/2/2026;21/1/2026;C03;10141016;ZSTO;C03
00374 TERMINAL PUNTA COLORADA;1049670;DIENTE CORTE IZQUIERDO;ZPAN;1000081472;CUMPLIDO PARCIAL;4500118169;30/1/2026;30/1/2026;4/2/2026;4/2/2026;21/1/2026;C03;10141016;ZSTO;C03
00374 TERMINAL PUNTA COLORADA;1049671;DIENTE CORTE DERECHO;ZPAN;1000081472;CUMPLIDO PARCIAL;4500118169;30/1/2026;30/1/2026;4/2/2026;4/2/2026;21/1/2026;C03;10141016;ZSTO;C03
00374 TERMINAL PUNTA COLORADA;1049984;CHALECO GRAFA REFLECTIVO VERDE C2 T.S;ZPAN;1000082508;ADJUDICADO;4500120066;;;;13/3/2026;6/2/2026;C28;10142397;ZSCD;C28
00374 TERMINAL PUNTA COLORADA;1049985;CHALECO GRAFA REFLECTIVO VERDE C2 T.M;ZPAN;1000082508;ADJUDICADO;4500120066;;;;13/3/2026;6/2/2026;C28;10142397;ZSCD;C28
00374 TERMINAL PUNTA COLORADA;1049986;CHALECO GRAFA REFLECTIVO VERDE C2 T.L;ZPAN;1000082508;ADJUDICADO;4500120066;;;;13/3/2026;6/2/2026;C28;10142397;ZSCD;C28
00374 TERMINAL PUNTA COLORADA;1049987;CHALECO GRAFA REFLECTIVO VERDE C2 T.XL;ZPAN;1000082508;ADJUDICADO;4500120066;;;;13/3/2026;6/2/2026;C28;10142397;ZSCD;C28
00374 TERMINAL PUNTA COLORADA;1049988;CHALECO GRAFA REFLECTIVO VERDE C2 T.XXL;ZPAN;1000082508;ADJUDICADO;4500120066;;;;13/3/2026;6/2/2026;C28;10142397;ZSCD;C28
00375 YPF OLEODUCTO PR-LP;1001686;ANTEOJO GRIS ECOLINEHC;ZPAS;1000081168;DESPACHADO;;;22/1/2026;23/1/2026;5/2/2026;16/1/2026;;;ZSTO;C28
00375 YPF OLEODUCTO PR-LP;1001775;ESLINGA SINTETICA 8MTS 6TN CERTIFICADA;SIN PEDIDO;;;;;;;;;;;ZSTO;C13
00375 YPF OLEODUCTO PR-LP;1001868;FILMSTRECHMANUALXBOBINAx2,70KG;SIN PEDIDO;;;;;;;;;;;ZSTO;C17
00375 YPF OLEODUCTO PR-LP;1001887;BOLSAS RESIDUOS XUN 102X130 AMARILLA;ZPAS;1000084105;PICKEADO;;;6/3/2026;;25/3/2026;4/3/2026;;;ZSTO;C17
00375 YPF OLEODUCTO PR-LP;1003651;PASTILLAS DE FRENO;ZPAS;1000083774;DESPACHADO;;;2/3/2026;5/3/2026;19/3/2026;27/2/2026;;;ZSTO;C29
00375 YPF OLEODUCTO PR-LP;1003957;BATERIA 12V 110 AMP  318X162X220;ZPAS;1000084105;PICKEADO;;;6/3/2026;;25/3/2026;4/3/2026;;;ZSTO;C29
00375 YPF OLEODUCTO PR-LP;1013681;MAMELUCO IGNIFUGO T.XL C/LOGO;ZPAN;1000078203;SIN TRATAMIENTO;;;;;12/12/2025;21/11/2025;;10136507;ZSSD;C28
00375 YPF OLEODUCTO PR-LP;1013682;MAMELUCO IGNIFUGO T.XXL C/LOGO;ZPAN;1000083406;DESPACHADO;4500120723;2/3/2026;2/3/2026;6/3/2026;13/3/2026;23/2/2026;C28;10143514;ZSSD;C28
00375 YPF OLEODUCTO PR-LP;1016915;PINCEL CERDA NB 20;ZPAN;1000084106;SIN TRATAMIENTO;;;;;25/3/2026;4/3/2026;;10144493;ZSSD;C22
00375 YPF OLEODUCTO PR-LP;1017104;CABLE TPR TIPO TALLER 4X4MM2;ZPAN;1000084291;SIN TRATAMIENTO;;;;;27/3/2026;6/3/2026;;10144749;ZSSD;C11
00375 YPF OLEODUCTO PR-LP;1017936;PALA ANCHA FORJADA CABO MADERA Y METAL X;ZPAN;1000078203;SIN TRATAMIENTO;;;;;12/12/2025;21/11/2025;;10136507;ZSSD;C27
00375 YPF OLEODUCTO PR-LP;1017937;PALA CORAZON FORJADA CABO MADERA Y METAL;ZPAN;1000078203;SIN TRATAMIENTO;;;;;12/12/2025;21/11/2025;;10136507;ZSSD;C27
00375 YPF OLEODUCTO PR-LP;1027157;CORREA ALTERNADOR;ZPAN;1000083610;PICKEADO;4500121451;5/3/2026;5/3/2026;;3/3/2026;25/2/2026;C03;10143895;ZSSD;C03
00375 YPF OLEODUCTO PR-LP;1027855;KIT POLI-V AMAROK;ZPAN;1000084106;ADJUDICADO;4500121774;;;;25/3/2026;4/3/2026;C03;10144493;ZSTO;C03
00375 YPF OLEODUCTO PR-LP;1036622;CEPILLO TRENZADO PIPELINE 175X6X22 BUJE;ZPAS;1000084290;PICKEADO PARCIAL;;;;;27/3/2026;6/3/2026;;;ZSTO;C27
0376 VELADERO FASE 8B /SAN JUAN;1002276;PROTECTOR LATERAL BALDE;ZPAS;1000083533;SIN TRATAMIENTO;;;;;16/3/2026;24/2/2026;;;ZSTO;G04
0376 VELADERO FASE 8B /SAN JUAN;1002309;PROTECTOR ESCARIFICADOR X UN;SIN PEDIDO;;;;;;;;;;;ZSTO;G04
0376 VELADERO FASE 8B /SAN JUAN;1002324;CUCHILLA 15 AGUJEROS;ZPAN;1000083408;ADJUDICADO;4500121131;;;;13/3/2026;23/2/2026;G01;10143515;ZSTO;G01
0376 VELADERO FASE 8B /SAN JUAN;1003246;FILTRO DE TANQUE HIDRAULICO;ZPAS;1000081291;SIN TRATAMIENTO;;;;;20/2/2026;19/1/2026;;;ZSTO;F07
0376 VELADERO FASE 8B /SAN JUAN;1003841;FILTRO RESPIRADERO TANQUE COMBUSTIBLE;ZPAS;1000082071;CUMPLIDO PARCIAL;;;11/2/2026;13/2/2026;19/2/2026;30/1/2026;;;ZSTO;F06
0376 VELADERO FASE 8B /SAN JUAN;1003954;BATERIA 12V 180AMP;ZPAS;1000083934;SIN TRATAMIENTO;;;;;20/3/2026;2/3/2026;;;ZSTO;C29
0376 VELADERO FASE 8B /SAN JUAN;1015856;PRECINTO PLASTICO AL-7 X400MM X UN;ZPAN;1000084195;SIN TRATAMIENTO;;;;;26/3/2026;5/3/2026;;10144617;ZSSD;C13
0376 VELADERO FASE 8B /SAN JUAN;1017030;CINTA AISLADORA AZUL ( GENERICO );ZPAN;1000083935;SIN TRATAMIENTO;;;;;20/3/2026;2/3/2026;;10144233;ZSSD;C13
0376 VELADERO FASE 8B /SAN JUAN;1023533;LAMINA;ZPAN;1000083534;ADJUDICADO;4500121095;;;;16/3/2026;24/2/2026;G04;10143662;ZSTO;C03
0376 VELADERO FASE 8B /SAN JUAN;1024890;TORNILLO HEXAGONAL;ZPAN;1000083534;ADJUDICADO;4500121095;;;;16/3/2026;24/2/2026;G04;10143662;ZSTO;C03
0376 VELADERO FASE 8B /SAN JUAN;1025731;BULON PARA DESGASTES DE ESPEJO;ZPAN;1000083119;ADJUDICADO;4500120476;;;;10/3/2026;18/2/2026;C03;10143107;ZSTO;C03
0376 VELADERO FASE 8B /SAN JUAN;1043148;ACEITE EXTRAVIDA XVT 300;ZPAN;1000083225;PICKEADO;4500120591;5/3/2026;5/3/2026;;11/3/2026;19/2/2026;C03;10143218;ZSTO;C03
0376 VELADERO FASE 8B /SAN JUAN;1049380;CORREA BOMBA DE AGUA;ZPAN;1000081078;ADJUDICADO;4500117949;;;;4/2/2026;15/1/2026;C03;10140449;ZSTO;C03
00377-YPF 3° loop;1004263;LAMPARA 12V-51W XUN;SIN PEDIDO;;;;;;;;;;;ZSTO;C29
00377-YPF 3° loop;1001746;BOTA GOMA P.ACERO N 42;ZPAS;1000079637;DESPACHADO;;;16/12/2025;16/12/2025;6/1/2026;15/12/2025;;;ZSTO;C28
00377-YPF 3° loop;1001774;ESLINGA SINTETICA 4MTS 4TN CERTIFICADA;ZPAS;1000083410;SIN TRATAMIENTO;;;;;13/3/2026;23/2/2026;;;ZSTO;C13
00377-YPF 3° loop;1001778;YERBA MATE X 500GRS X UN;SIN PEDIDO;;;;;;;;;;;ZSTO;C17
00377-YPF 3° loop;1001840;CUBIERTA 17.5-25 VIAL SP 16 TELAS L2;SIN PEDIDO;;;;;;;;;;;ZSTO;C49
00377-YPF 3° loop;1001868;FILMSTRECHMANUALXBOBINAx2,70KG;ZPAS;1000083944;PICKEADO;;;6/3/2026;;20/3/2026;2/3/2026;;;ZSTO;C17
00377-YPF 3° loop;1001878;CINTA DE ENMASCARAR 48MM X ROLLO;ZPAS;1000083944;DESPACHADO;;;4/3/2026;6/3/2026;20/3/2026;2/3/2026;;;ZSTO;C17
00377-YPF 3° loop;1001969;ESMALTE SINT. AEROSOL BLANCO X440CC;ZPAS;1000084112;SIN TRATAMIENTO;;;;;25/3/2026;4/3/2026;;;ZSTO;C22
00377-YPF 3° loop;1002566;FILTRO LINEA COMBUSTIBLE;ZPAS;1000084196;PICKEADO;;;6/3/2026;;26/3/2026;5/3/2026;;;ZSTO;F07
00377-YPF 3° loop;1003026;FILTRO SEPARADOR DE AGUA;ZPAS;1000084196;PICKEADO;;;6/3/2026;;26/3/2026;5/3/2026;;;ZSTO;F13
00377-YPF 3° loop;1003172;Filtro Aceite Motor;ZPAS;1000084196;PICKEADO;;;6/3/2026;;26/3/2026;5/3/2026;;;ZSTO;F03
00377-YPF 3° loop;1003806;FUSIBLE 10A;ZPAN;1000082183;ADJUDICADO;4500119816;;;;20/2/2026;2/2/2026;C29;10141917;ZSTO;C29
00377-YPF 3° loop;1016955;SOGA NAUTICA 10MM;ZPAN;1000082866;ADJUDICADO;4500120469;;;;4/3/2026;12/2/2026;C27;10142823;ZSSD;C13
00377-YPF 3° loop;1016957;SEPARADOR A4 PLASTICO C LENGUETAS;ZPAN;1000083945;ADJUDICADO;4500121534;;;;20/3/2026;2/3/2026;C17;10144239;ZSSD;C17
00377-YPF 3° loop;1016982;FOLIO A4 ST X100;ZPAN;1000083412;ADJUDICADO;4500121358;;;;13/3/2026;23/2/2026;C17;10143516;ZSSD;C17
00377-YPF 3° loop;1017065;CAL HIDRATADA BOLSA X 25KG;ZPAN;1000084198;SIN TRATAMIENTO;;;;;26/3/2026;5/3/2026;;10144618;ZSSD;C22
00377-YPF 3° loop;1017143;CABO P PALA MADERA Y METAL 0.70MT.;ZPAS;1000083693;SIN TRATAMIENTO;;;;;18/3/2026;26/2/2026;;;ZSSD;C13
00377-YPF 3° loop;1021945;ACEITE Hydrau x 209 lts  ;ZPAS;1000080069;DESPACHADO;;;4/3/2026;6/3/2026;14/1/2026;23/12/2025;;;ZSTO;L01
00377-YPF 3° loop;1022053;CORREA ALTERNADOR;ZPAS;1000082806;SIN TRATAMIENTO;;;;;3/3/2026;11/2/2026;;;ZSTO;C29
00377-YPF 3° loop;1022858;CUBIERTA 20.5 - R25;ZPAS;1000084046;DESPACHADO;;;4/3/2026;6/3/2026;23/3/2026;3/3/2026;;;ZSTO;C50
00377-YPF 3° loop;1026272;DELANTAL KEVLAR C TRIPLE PROT ABDOMINAL;ZPAS;1000080052;DESPACHADO;;;23/12/2025;23/12/2025;14/1/2026;23/12/2025;;;ZSCD;C28
00377-YPF 3° loop;1027023;CORREA MOTOR;ZPAS;1000082806;DESPACHADO;;;4/3/2026;5/3/2026;3/3/2026;11/2/2026;;;ZSTO;C29
00377-YPF 3° loop;1034221;GRASA PARA CABLE MOLYSIL 369X X16KG;ZPAS;1000084196;PICKEADO;;;6/3/2026;;26/3/2026;5/3/2026;;;ZSTO;C29
